agent,seed_index,step,reward,tb_run
vanilla,0,2048,-40.82533645629883,experiments/cw/results/cw_hace_cw10/vanilla/seed_0/tb_logs/PPO_0
vanilla,0,4096,-35.104515075683594,experiments/cw/results/cw_hace_cw10/vanilla/seed_0/tb_logs/PPO_0
vanilla,0,6144,-29.412311553955078,experiments/cw/results/cw_hace_cw10/vanilla/seed_0/tb_logs/PPO_0
vanilla,0,8192,-26.321107864379883,experiments/cw/results/cw_hace_cw10/vanilla/seed_0/tb_logs/PPO_0
vanilla,0,10240,-24.2559871673584,experiments/cw/results/cw_hace_cw10/vanilla/seed_0/tb_logs/PPO_0
vanilla,0,12288,-21.871112823486328,experiments/cw/results/cw_hace_cw10/vanilla/seed_0/tb_logs/PPO_0
vanilla,0,14336,-20.482824325561523,experiments/cw/results/cw_hace_cw10/vanilla/seed_0/tb_logs/PPO_0
vanilla,0,16384,-20.248531341552734,experiments/cw/results/cw_hace_cw10/vanilla/seed_0/tb_logs/PPO_0
vanilla,0,18432,-19.137834548950195,experiments/cw/results/cw_hace_cw10/vanilla/seed_0/tb_logs/PPO_0
vanilla,0,20480,-18.866376876831055,experiments/cw/results/cw_hace_cw10/vanilla/seed_0/tb_logs/PPO_0
vanilla,0,22528,-13.496610641479492,experiments/cw/results/cw_hace_cw10/vanilla/seed_0/tb_logs/PPO_0
vanilla,0,24576,-11.664990425109863,experiments/cw/results/cw_hace_cw10/vanilla/seed_0/tb_logs/PPO_0
vanilla,0,26624,-10.906692504882812,experiments/cw/results/cw_hace_cw10/vanilla/seed_0/tb_logs/PPO_0
vanilla,0,28672,-10.63362979888916,experiments/cw/results/cw_hace_cw10/vanilla/seed_0/tb_logs/PPO_0
vanilla,0,30720,-10.11413288116455,experiments/cw/results/cw_hace_cw10/vanilla/seed_0/tb_logs/PPO_0
vanilla,0,32768,-13.150229454040527,experiments/cw/results/cw_hace_cw10/vanilla/seed_0/tb_logs/PPO_0
vanilla,0,34816,-15.281800270080566,experiments/cw/results/cw_hace_cw10/vanilla/seed_0/tb_logs/PPO_0
vanilla,0,36864,-15.944536209106445,experiments/cw/results/cw_hace_cw10/vanilla/seed_0/tb_logs/PPO_0
vanilla,0,38912,-15.41965389251709,experiments/cw/results/cw_hace_cw10/vanilla/seed_0/tb_logs/PPO_0
vanilla,0,40960,77.99559020996094,experiments/cw/results/cw_hace_cw10/vanilla/seed_0/tb_logs/PPO_0
vanilla,0,43008,156.29287719726562,experiments/cw/results/cw_hace_cw10/vanilla/seed_0/tb_logs/PPO_0
vanilla,0,45056,178.4083251953125,experiments/cw/results/cw_hace_cw10/vanilla/seed_0/tb_logs/PPO_0
vanilla,0,47104,186.34384155273438,experiments/cw/results/cw_hace_cw10/vanilla/seed_0/tb_logs/PPO_0
vanilla,0,49152,235.15298461914062,experiments/cw/results/cw_hace_cw10/vanilla/seed_0/tb_logs/PPO_0
vanilla,0,51200,366.23577880859375,experiments/cw/results/cw_hace_cw10/vanilla/seed_0/tb_logs/PPO_0
vanilla,0,53248,414.99847412109375,experiments/cw/results/cw_hace_cw10/vanilla/seed_0/tb_logs/PPO_0
vanilla,0,55296,458.25958251953125,experiments/cw/results/cw_hace_cw10/vanilla/seed_0/tb_logs/PPO_0
vanilla,0,57344,766.030517578125,experiments/cw/results/cw_hace_cw10/vanilla/seed_0/tb_logs/PPO_0
vanilla,0,59392,861.6336059570312,experiments/cw/results/cw_hace_cw10/vanilla/seed_0/tb_logs/PPO_0
vanilla,0,61440,936.8092651367188,experiments/cw/results/cw_hace_cw10/vanilla/seed_0/tb_logs/PPO_0
vanilla,0,63488,856.0813598632812,experiments/cw/results/cw_hace_cw10/vanilla/seed_0/tb_logs/PPO_0
vanilla,0,65536,830.1203002929688,experiments/cw/results/cw_hace_cw10/vanilla/seed_0/tb_logs/PPO_0
vanilla,0,67584,773.2833251953125,experiments/cw/results/cw_hace_cw10/vanilla/seed_0/tb_logs/PPO_0
vanilla,0,69632,770.8431396484375,experiments/cw/results/cw_hace_cw10/vanilla/seed_0/tb_logs/PPO_0
vanilla,0,71680,637.8475952148438,experiments/cw/results/cw_hace_cw10/vanilla/seed_0/tb_logs/PPO_0
vanilla,0,73728,575.7815551757812,experiments/cw/results/cw_hace_cw10/vanilla/seed_0/tb_logs/PPO_0
vanilla,0,75776,464.4665222167969,experiments/cw/results/cw_hace_cw10/vanilla/seed_0/tb_logs/PPO_0
vanilla,0,77824,238.71897888183594,experiments/cw/results/cw_hace_cw10/vanilla/seed_0/tb_logs/PPO_0
vanilla,0,79872,97.36136627197266,experiments/cw/results/cw_hace_cw10/vanilla/seed_0/tb_logs/PPO_0
vanilla,0,81920,-30.917442321777344,experiments/cw/results/cw_hace_cw10/vanilla/seed_0/tb_logs/PPO_0
vanilla,0,83968,-29.78631019592285,experiments/cw/results/cw_hace_cw10/vanilla/seed_0/tb_logs/PPO_0
vanilla,0,86016,-28.536964416503906,experiments/cw/results/cw_hace_cw10/vanilla/seed_0/tb_logs/PPO_0
vanilla,0,88064,-27.8571720123291,experiments/cw/results/cw_hace_cw10/vanilla/seed_0/tb_logs/PPO_0
vanilla,0,90112,-25.72689437866211,experiments/cw/results/cw_hace_cw10/vanilla/seed_0/tb_logs/PPO_0
vanilla,0,92160,-16.432279586791992,experiments/cw/results/cw_hace_cw10/vanilla/seed_0/tb_logs/PPO_0
vanilla,0,94208,-14.205205917358398,experiments/cw/results/cw_hace_cw10/vanilla/seed_0/tb_logs/PPO_0
vanilla,0,96256,-18.38055992126465,experiments/cw/results/cw_hace_cw10/vanilla/seed_0/tb_logs/PPO_0
vanilla,0,98304,-13.940256118774414,experiments/cw/results/cw_hace_cw10/vanilla/seed_0/tb_logs/PPO_0
vanilla,0,100352,-9.02353572845459,experiments/cw/results/cw_hace_cw10/vanilla/seed_0/tb_logs/PPO_0
vanilla,0,102400,6.442615032196045,experiments/cw/results/cw_hace_cw10/vanilla/seed_0/tb_logs/PPO_0
vanilla,0,104448,33.62693786621094,experiments/cw/results/cw_hace_cw10/vanilla/seed_0/tb_logs/PPO_0
vanilla,0,106496,61.29396057128906,experiments/cw/results/cw_hace_cw10/vanilla/seed_0/tb_logs/PPO_0
vanilla,0,108544,99.85538482666016,experiments/cw/results/cw_hace_cw10/vanilla/seed_0/tb_logs/PPO_0
vanilla,0,110592,132.4712677001953,experiments/cw/results/cw_hace_cw10/vanilla/seed_0/tb_logs/PPO_0
vanilla,0,112640,157.6322784423828,experiments/cw/results/cw_hace_cw10/vanilla/seed_0/tb_logs/PPO_0
vanilla,0,114688,177.006591796875,experiments/cw/results/cw_hace_cw10/vanilla/seed_0/tb_logs/PPO_0
vanilla,0,116736,199.5361785888672,experiments/cw/results/cw_hace_cw10/vanilla/seed_0/tb_logs/PPO_0
vanilla,0,118784,223.6479034423828,experiments/cw/results/cw_hace_cw10/vanilla/seed_0/tb_logs/PPO_0
vanilla,0,120832,233.42703247070312,experiments/cw/results/cw_hace_cw10/vanilla/seed_0/tb_logs/PPO_0
vanilla,0,122880,231.3603973388672,experiments/cw/results/cw_hace_cw10/vanilla/seed_0/tb_logs/PPO_0
vanilla,0,124928,199.12399291992188,experiments/cw/results/cw_hace_cw10/vanilla/seed_0/tb_logs/PPO_0
vanilla,0,126976,175.38961791992188,experiments/cw/results/cw_hace_cw10/vanilla/seed_0/tb_logs/PPO_0
vanilla,0,129024,130.6111297607422,experiments/cw/results/cw_hace_cw10/vanilla/seed_0/tb_logs/PPO_0
vanilla,0,131072,99.65912628173828,experiments/cw/results/cw_hace_cw10/vanilla/seed_0/tb_logs/PPO_0
vanilla,0,133120,65.15253448486328,experiments/cw/results/cw_hace_cw10/vanilla/seed_0/tb_logs/PPO_0
vanilla,0,135168,38.45891189575195,experiments/cw/results/cw_hace_cw10/vanilla/seed_0/tb_logs/PPO_0
vanilla,0,137216,15.039380073547363,experiments/cw/results/cw_hace_cw10/vanilla/seed_0/tb_logs/PPO_0
vanilla,0,139264,-10.489425659179688,experiments/cw/results/cw_hace_cw10/vanilla/seed_0/tb_logs/PPO_0
vanilla,0,141312,-33.102691650390625,experiments/cw/results/cw_hace_cw10/vanilla/seed_0/tb_logs/PPO_0
vanilla,0,143360,-44.28312301635742,experiments/cw/results/cw_hace_cw10/vanilla/seed_0/tb_logs/PPO_0
vanilla,0,145408,-42.67888259887695,experiments/cw/results/cw_hace_cw10/vanilla/seed_0/tb_logs/PPO_0
vanilla,0,147456,-41.935001373291016,experiments/cw/results/cw_hace_cw10/vanilla/seed_0/tb_logs/PPO_0
vanilla,0,149504,-41.47368621826172,experiments/cw/results/cw_hace_cw10/vanilla/seed_0/tb_logs/PPO_0
vanilla,0,151552,-41.36409378051758,experiments/cw/results/cw_hace_cw10/vanilla/seed_0/tb_logs/PPO_0
vanilla,0,153600,-41.141780853271484,experiments/cw/results/cw_hace_cw10/vanilla/seed_0/tb_logs/PPO_0
vanilla,0,155648,-40.433265686035156,experiments/cw/results/cw_hace_cw10/vanilla/seed_0/tb_logs/PPO_0
vanilla,0,157696,-39.36753845214844,experiments/cw/results/cw_hace_cw10/vanilla/seed_0/tb_logs/PPO_0
vanilla,0,159744,-39.01327896118164,experiments/cw/results/cw_hace_cw10/vanilla/seed_0/tb_logs/PPO_0
vanilla,0,161792,-38.862552642822266,experiments/cw/results/cw_hace_cw10/vanilla/seed_0/tb_logs/PPO_0
vanilla,0,163840,-38.811256408691406,experiments/cw/results/cw_hace_cw10/vanilla/seed_0/tb_logs/PPO_0
vanilla,0,165888,-39.573272705078125,experiments/cw/results/cw_hace_cw10/vanilla/seed_0/tb_logs/PPO_0
vanilla,0,167936,-24.41800880432129,experiments/cw/results/cw_hace_cw10/vanilla/seed_0/tb_logs/PPO_0
vanilla,0,169984,14.231711387634277,experiments/cw/results/cw_hace_cw10/vanilla/seed_0/tb_logs/PPO_0
vanilla,0,172032,15.049845695495605,experiments/cw/results/cw_hace_cw10/vanilla/seed_0/tb_logs/PPO_0
vanilla,0,174080,63.48029708862305,experiments/cw/results/cw_hace_cw10/vanilla/seed_0/tb_logs/PPO_0
vanilla,0,176128,1444.3333740234375,experiments/cw/results/cw_hace_cw10/vanilla/seed_0/tb_logs/PPO_0
vanilla,0,178176,1444.81396484375,experiments/cw/results/cw_hace_cw10/vanilla/seed_0/tb_logs/PPO_0
vanilla,0,180224,1450.4588623046875,experiments/cw/results/cw_hace_cw10/vanilla/seed_0/tb_logs/PPO_0
vanilla,0,182272,2616.673583984375,experiments/cw/results/cw_hace_cw10/vanilla/seed_0/tb_logs/PPO_0
vanilla,0,184320,2652.296630859375,experiments/cw/results/cw_hace_cw10/vanilla/seed_0/tb_logs/PPO_0
vanilla,0,186368,2649.6669921875,experiments/cw/results/cw_hace_cw10/vanilla/seed_0/tb_logs/PPO_0
vanilla,0,188416,2632.73681640625,experiments/cw/results/cw_hace_cw10/vanilla/seed_0/tb_logs/PPO_0
vanilla,0,190464,2593.4716796875,experiments/cw/results/cw_hace_cw10/vanilla/seed_0/tb_logs/PPO_0
vanilla,0,192512,2592.59228515625,experiments/cw/results/cw_hace_cw10/vanilla/seed_0/tb_logs/PPO_0
vanilla,0,194560,2544.429443359375,experiments/cw/results/cw_hace_cw10/vanilla/seed_0/tb_logs/PPO_0
vanilla,0,196608,1162.867431640625,experiments/cw/results/cw_hace_cw10/vanilla/seed_0/tb_logs/PPO_0
vanilla,0,198656,1161.92431640625,experiments/cw/results/cw_hace_cw10/vanilla/seed_0/tb_logs/PPO_0
vanilla,0,200704,1155.8857421875,experiments/cw/results/cw_hace_cw10/vanilla/seed_0/tb_logs/PPO_0
vanilla,0,202752,-10.980504989624023,experiments/cw/results/cw_hace_cw10/vanilla/seed_0/tb_logs/PPO_0
vanilla,0,204800,-45.1669807434082,experiments/cw/results/cw_hace_cw10/vanilla/seed_0/tb_logs/PPO_0
vanilla,0,206848,-41.01036834716797,experiments/cw/results/cw_hace_cw10/vanilla/seed_0/tb_logs/PPO_0
vanilla,0,208896,-31.628416061401367,experiments/cw/results/cw_hace_cw10/vanilla/seed_0/tb_logs/PPO_0
vanilla,0,210944,-29.793102264404297,experiments/cw/results/cw_hace_cw10/vanilla/seed_0/tb_logs/PPO_0
vanilla,0,212992,-21.76322364807129,experiments/cw/results/cw_hace_cw10/vanilla/seed_0/tb_logs/PPO_0
vanilla,0,215040,-14.981246948242188,experiments/cw/results/cw_hace_cw10/vanilla/seed_0/tb_logs/PPO_0
vanilla,0,217088,-22.57491683959961,experiments/cw/results/cw_hace_cw10/vanilla/seed_0/tb_logs/PPO_0
vanilla,0,219136,-29.92314338684082,experiments/cw/results/cw_hace_cw10/vanilla/seed_0/tb_logs/PPO_0
vanilla,0,221184,-36.832340240478516,experiments/cw/results/cw_hace_cw10/vanilla/seed_0/tb_logs/PPO_0
vanilla,0,223232,-39.012603759765625,experiments/cw/results/cw_hace_cw10/vanilla/seed_0/tb_logs/PPO_0
vanilla,0,225280,-39.72759246826172,experiments/cw/results/cw_hace_cw10/vanilla/seed_0/tb_logs/PPO_0
vanilla,0,227328,-44.624664306640625,experiments/cw/results/cw_hace_cw10/vanilla/seed_0/tb_logs/PPO_0
vanilla,0,229376,-55.36580276489258,experiments/cw/results/cw_hace_cw10/vanilla/seed_0/tb_logs/PPO_0
vanilla,0,231424,-61.122764587402344,experiments/cw/results/cw_hace_cw10/vanilla/seed_0/tb_logs/PPO_0
vanilla,0,233472,-75.19419860839844,experiments/cw/results/cw_hace_cw10/vanilla/seed_0/tb_logs/PPO_0
vanilla,0,235520,-83.87696075439453,experiments/cw/results/cw_hace_cw10/vanilla/seed_0/tb_logs/PPO_0
vanilla,0,237568,-80.99761199951172,experiments/cw/results/cw_hace_cw10/vanilla/seed_0/tb_logs/PPO_0
vanilla,0,239616,-76.79647827148438,experiments/cw/results/cw_hace_cw10/vanilla/seed_0/tb_logs/PPO_0
vanilla,0,241664,-74.049072265625,experiments/cw/results/cw_hace_cw10/vanilla/seed_0/tb_logs/PPO_0
vanilla,0,243712,-76.21520233154297,experiments/cw/results/cw_hace_cw10/vanilla/seed_0/tb_logs/PPO_0
vanilla,0,245760,-82.7286605834961,experiments/cw/results/cw_hace_cw10/vanilla/seed_0/tb_logs/PPO_0
vanilla,0,247808,-82.87899017333984,experiments/cw/results/cw_hace_cw10/vanilla/seed_0/tb_logs/PPO_0
vanilla,0,249856,-84.16484832763672,experiments/cw/results/cw_hace_cw10/vanilla/seed_0/tb_logs/PPO_0
vanilla,0,251904,-83.56916809082031,experiments/cw/results/cw_hace_cw10/vanilla/seed_0/tb_logs/PPO_0
vanilla,0,253952,-82.51052856445312,experiments/cw/results/cw_hace_cw10/vanilla/seed_0/tb_logs/PPO_0
vanilla,0,256000,-80.44514465332031,experiments/cw/results/cw_hace_cw10/vanilla/seed_0/tb_logs/PPO_0
vanilla,0,258048,-79.54664611816406,experiments/cw/results/cw_hace_cw10/vanilla/seed_0/tb_logs/PPO_0
vanilla,0,260096,-78.8491439819336,experiments/cw/results/cw_hace_cw10/vanilla/seed_0/tb_logs/PPO_0
vanilla,0,262144,-76.61246490478516,experiments/cw/results/cw_hace_cw10/vanilla/seed_0/tb_logs/PPO_0
vanilla,0,264192,-74.01912689208984,experiments/cw/results/cw_hace_cw10/vanilla/seed_0/tb_logs/PPO_0
vanilla,0,266240,-68.77061462402344,experiments/cw/results/cw_hace_cw10/vanilla/seed_0/tb_logs/PPO_0
vanilla,0,268288,-63.27366256713867,experiments/cw/results/cw_hace_cw10/vanilla/seed_0/tb_logs/PPO_0
vanilla,0,270336,-57.19655227661133,experiments/cw/results/cw_hace_cw10/vanilla/seed_0/tb_logs/PPO_0
vanilla,0,272384,-48.42900848388672,experiments/cw/results/cw_hace_cw10/vanilla/seed_0/tb_logs/PPO_0
vanilla,0,274432,-43.676753997802734,experiments/cw/results/cw_hace_cw10/vanilla/seed_0/tb_logs/PPO_0
vanilla,0,276480,-37.366729736328125,experiments/cw/results/cw_hace_cw10/vanilla/seed_0/tb_logs/PPO_0
vanilla,0,278528,-39.055641174316406,experiments/cw/results/cw_hace_cw10/vanilla/seed_0/tb_logs/PPO_0
vanilla,0,280576,-39.511959075927734,experiments/cw/results/cw_hace_cw10/vanilla/seed_0/tb_logs/PPO_0
vanilla,0,282624,-39.53025817871094,experiments/cw/results/cw_hace_cw10/vanilla/seed_0/tb_logs/PPO_0
vanilla,0,284672,-39.597434997558594,experiments/cw/results/cw_hace_cw10/vanilla/seed_0/tb_logs/PPO_0
vanilla,0,286720,-41.41461181640625,experiments/cw/results/cw_hace_cw10/vanilla/seed_0/tb_logs/PPO_0
vanilla,0,288768,-43.384090423583984,experiments/cw/results/cw_hace_cw10/vanilla/seed_0/tb_logs/PPO_0
vanilla,0,290816,-46.53456115722656,experiments/cw/results/cw_hace_cw10/vanilla/seed_0/tb_logs/PPO_0
vanilla,0,292864,-47.91437911987305,experiments/cw/results/cw_hace_cw10/vanilla/seed_0/tb_logs/PPO_0
vanilla,0,294912,-50.30890655517578,experiments/cw/results/cw_hace_cw10/vanilla/seed_0/tb_logs/PPO_0
vanilla,0,296960,-49.681312561035156,experiments/cw/results/cw_hace_cw10/vanilla/seed_0/tb_logs/PPO_0
vanilla,0,299008,-43.854915618896484,experiments/cw/results/cw_hace_cw10/vanilla/seed_0/tb_logs/PPO_0
vanilla,0,301056,-40.18973159790039,experiments/cw/results/cw_hace_cw10/vanilla/seed_0/tb_logs/PPO_0
vanilla,0,303104,-37.66176223754883,experiments/cw/results/cw_hace_cw10/vanilla/seed_0/tb_logs/PPO_0
vanilla,0,305152,-34.91804885864258,experiments/cw/results/cw_hace_cw10/vanilla/seed_0/tb_logs/PPO_0
vanilla,0,307200,-31.649995803833008,experiments/cw/results/cw_hace_cw10/vanilla/seed_0/tb_logs/PPO_0
hace,0,2048,-40.84797286987305,experiments/cw/results/cw_hace_cw10/hace/seed_0/tb_logs/PPO_0
hace,0,4096,-35.10836410522461,experiments/cw/results/cw_hace_cw10/hace/seed_0/tb_logs/PPO_0
hace,0,6144,-29.223848342895508,experiments/cw/results/cw_hace_cw10/hace/seed_0/tb_logs/PPO_0
hace,0,8192,-26.757970809936523,experiments/cw/results/cw_hace_cw10/hace/seed_0/tb_logs/PPO_0
hace,0,10240,-25.07597541809082,experiments/cw/results/cw_hace_cw10/hace/seed_0/tb_logs/PPO_0
hace,0,12288,-24.204975128173828,experiments/cw/results/cw_hace_cw10/hace/seed_0/tb_logs/PPO_0
hace,0,14336,-23.081504821777344,experiments/cw/results/cw_hace_cw10/hace/seed_0/tb_logs/PPO_0
hace,0,16384,-21.71702003479004,experiments/cw/results/cw_hace_cw10/hace/seed_0/tb_logs/PPO_0
hace,0,18432,-19.563505172729492,experiments/cw/results/cw_hace_cw10/hace/seed_0/tb_logs/PPO_0
hace,0,20480,-19.536033630371094,experiments/cw/results/cw_hace_cw10/hace/seed_0/tb_logs/PPO_0
hace,0,22528,-11.446548461914062,experiments/cw/results/cw_hace_cw10/hace/seed_0/tb_logs/PPO_0
hace,0,24576,5.0122151374816895,experiments/cw/results/cw_hace_cw10/hace/seed_0/tb_logs/PPO_0
hace,0,26624,8.047917366027832,experiments/cw/results/cw_hace_cw10/hace/seed_0/tb_logs/PPO_0
hace,0,28672,10.197635650634766,experiments/cw/results/cw_hace_cw10/hace/seed_0/tb_logs/PPO_0
hace,0,30720,11.061840057373047,experiments/cw/results/cw_hace_cw10/hace/seed_0/tb_logs/PPO_0
hace,0,32768,8.729598045349121,experiments/cw/results/cw_hace_cw10/hace/seed_0/tb_logs/PPO_0
hace,0,34816,6.480827331542969,experiments/cw/results/cw_hace_cw10/hace/seed_0/tb_logs/PPO_0
hace,0,36864,4.289973735809326,experiments/cw/results/cw_hace_cw10/hace/seed_0/tb_logs/PPO_0
hace,0,38912,0.8857097625732422,experiments/cw/results/cw_hace_cw10/hace/seed_0/tb_logs/PPO_0
hace,0,40960,5.445808410644531,experiments/cw/results/cw_hace_cw10/hace/seed_0/tb_logs/PPO_0
hace,0,43008,-4.9241557121276855,experiments/cw/results/cw_hace_cw10/hace/seed_0/tb_logs/PPO_0
hace,0,45056,-8.522372245788574,experiments/cw/results/cw_hace_cw10/hace/seed_0/tb_logs/PPO_0
hace,0,47104,17.907957077026367,experiments/cw/results/cw_hace_cw10/hace/seed_0/tb_logs/PPO_0
hace,0,49152,80.15300750732422,experiments/cw/results/cw_hace_cw10/hace/seed_0/tb_logs/PPO_0
hace,0,51200,172.11676025390625,experiments/cw/results/cw_hace_cw10/hace/seed_0/tb_logs/PPO_0
hace,0,53248,348.4190979003906,experiments/cw/results/cw_hace_cw10/hace/seed_0/tb_logs/PPO_0
hace,0,55296,419.9270324707031,experiments/cw/results/cw_hace_cw10/hace/seed_0/tb_logs/PPO_0
hace,0,57344,530.0654907226562,experiments/cw/results/cw_hace_cw10/hace/seed_0/tb_logs/PPO_0
hace,0,59392,742.6109008789062,experiments/cw/results/cw_hace_cw10/hace/seed_0/tb_logs/PPO_0
hace,0,61440,798.2726440429688,experiments/cw/results/cw_hace_cw10/hace/seed_0/tb_logs/PPO_0
hace,0,63488,788.6203002929688,experiments/cw/results/cw_hace_cw10/hace/seed_0/tb_logs/PPO_0
hace,0,65536,787.2647094726562,experiments/cw/results/cw_hace_cw10/hace/seed_0/tb_logs/PPO_0
hace,0,67584,748.7223510742188,experiments/cw/results/cw_hace_cw10/hace/seed_0/tb_logs/PPO_0
hace,0,69632,690.3986206054688,experiments/cw/results/cw_hace_cw10/hace/seed_0/tb_logs/PPO_0
hace,0,71680,577.1251220703125,experiments/cw/results/cw_hace_cw10/hace/seed_0/tb_logs/PPO_0
hace,0,73728,417.85546875,experiments/cw/results/cw_hace_cw10/hace/seed_0/tb_logs/PPO_0
hace,0,75776,281.2178955078125,experiments/cw/results/cw_hace_cw10/hace/seed_0/tb_logs/PPO_0
hace,0,77824,313.13909912109375,experiments/cw/results/cw_hace_cw10/hace/seed_0/tb_logs/PPO_0
hace,0,79872,68.00757598876953,experiments/cw/results/cw_hace_cw10/hace/seed_0/tb_logs/PPO_0
hace,0,81920,72.61798095703125,experiments/cw/results/cw_hace_cw10/hace/seed_0/tb_logs/PPO_0
hace,0,83968,77.625732421875,experiments/cw/results/cw_hace_cw10/hace/seed_0/tb_logs/PPO_0
hace,0,86016,127.8021240234375,experiments/cw/results/cw_hace_cw10/hace/seed_0/tb_logs/PPO_0
hace,0,88064,160.49429321289062,experiments/cw/results/cw_hace_cw10/hace/seed_0/tb_logs/PPO_0
hace,0,90112,464.8901672363281,experiments/cw/results/cw_hace_cw10/hace/seed_0/tb_logs/PPO_0
hace,0,92160,479.98944091796875,experiments/cw/results/cw_hace_cw10/hace/seed_0/tb_logs/PPO_0
hace,0,94208,487.364013671875,experiments/cw/results/cw_hace_cw10/hace/seed_0/tb_logs/PPO_0
hace,0,96256,487.507080078125,experiments/cw/results/cw_hace_cw10/hace/seed_0/tb_logs/PPO_0
hace,0,98304,435.0314025878906,experiments/cw/results/cw_hace_cw10/hace/seed_0/tb_logs/PPO_0
hace,0,100352,447.63543701171875,experiments/cw/results/cw_hace_cw10/hace/seed_0/tb_logs/PPO_0
hace,0,102400,435.2574768066406,experiments/cw/results/cw_hace_cw10/hace/seed_0/tb_logs/PPO_0
hace,0,104448,472.49560546875,experiments/cw/results/cw_hace_cw10/hace/seed_0/tb_logs/PPO_0
hace,0,106496,485.31640625,experiments/cw/results/cw_hace_cw10/hace/seed_0/tb_logs/PPO_0
hace,0,108544,457.0442810058594,experiments/cw/results/cw_hace_cw10/hace/seed_0/tb_logs/PPO_0
hace,0,110592,183.0117950439453,experiments/cw/results/cw_hace_cw10/hace/seed_0/tb_logs/PPO_0
hace,0,112640,195.45379638671875,experiments/cw/results/cw_hace_cw10/hace/seed_0/tb_logs/PPO_0
hace,0,114688,215.00543212890625,experiments/cw/results/cw_hace_cw10/hace/seed_0/tb_logs/PPO_0
hace,0,116736,228.7141876220703,experiments/cw/results/cw_hace_cw10/hace/seed_0/tb_logs/PPO_0
hace,0,118784,233.4180145263672,experiments/cw/results/cw_hace_cw10/hace/seed_0/tb_logs/PPO_0
hace,0,120832,228.87353515625,experiments/cw/results/cw_hace_cw10/hace/seed_0/tb_logs/PPO_0
hace,0,122880,222.8363800048828,experiments/cw/results/cw_hace_cw10/hace/seed_0/tb_logs/PPO_0
hace,0,124928,166.8023223876953,experiments/cw/results/cw_hace_cw10/hace/seed_0/tb_logs/PPO_0
hace,0,126976,121.71472930908203,experiments/cw/results/cw_hace_cw10/hace/seed_0/tb_logs/PPO_0
hace,0,129024,95.21814727783203,experiments/cw/results/cw_hace_cw10/hace/seed_0/tb_logs/PPO_0
hace,0,131072,73.4370346069336,experiments/cw/results/cw_hace_cw10/hace/seed_0/tb_logs/PPO_0
hace,0,133120,52.98735427856445,experiments/cw/results/cw_hace_cw10/hace/seed_0/tb_logs/PPO_0
hace,0,135168,33.667388916015625,experiments/cw/results/cw_hace_cw10/hace/seed_0/tb_logs/PPO_0
hace,0,137216,17.732990264892578,experiments/cw/results/cw_hace_cw10/hace/seed_0/tb_logs/PPO_0
hace,0,139264,-2.812976598739624,experiments/cw/results/cw_hace_cw10/hace/seed_0/tb_logs/PPO_0
hace,0,141312,-15.276968002319336,experiments/cw/results/cw_hace_cw10/hace/seed_0/tb_logs/PPO_0
hace,0,143360,-29.15018081665039,experiments/cw/results/cw_hace_cw10/hace/seed_0/tb_logs/PPO_0
hace,0,145408,-28.315208435058594,experiments/cw/results/cw_hace_cw10/hace/seed_0/tb_logs/PPO_0
hace,0,147456,-26.788162231445312,experiments/cw/results/cw_hace_cw10/hace/seed_0/tb_logs/PPO_0
hace,0,149504,-25.880966186523438,experiments/cw/results/cw_hace_cw10/hace/seed_0/tb_logs/PPO_0
hace,0,151552,-24.19049835205078,experiments/cw/results/cw_hace_cw10/hace/seed_0/tb_logs/PPO_0
hace,0,153600,-23.748748779296875,experiments/cw/results/cw_hace_cw10/hace/seed_0/tb_logs/PPO_0
hace,0,155648,-25.94731330871582,experiments/cw/results/cw_hace_cw10/hace/seed_0/tb_logs/PPO_0
hace,0,157696,-29.0264835357666,experiments/cw/results/cw_hace_cw10/hace/seed_0/tb_logs/PPO_0
hace,0,159744,-31.01917266845703,experiments/cw/results/cw_hace_cw10/hace/seed_0/tb_logs/PPO_0
hace,0,161792,-31.56095314025879,experiments/cw/results/cw_hace_cw10/hace/seed_0/tb_logs/PPO_0
hace,0,163840,-3.593710422515869,experiments/cw/results/cw_hace_cw10/hace/seed_0/tb_logs/PPO_0
hace,0,165888,-2.8924808502197266,experiments/cw/results/cw_hace_cw10/hace/seed_0/tb_logs/PPO_0
hace,0,167936,595.4752807617188,experiments/cw/results/cw_hace_cw10/hace/seed_0/tb_logs/PPO_0
hace,0,169984,945.261962890625,experiments/cw/results/cw_hace_cw10/hace/seed_0/tb_logs/PPO_0
hace,0,172032,3249.480224609375,experiments/cw/results/cw_hace_cw10/hace/seed_0/tb_logs/PPO_0
hace,0,174080,3303.362060546875,experiments/cw/results/cw_hace_cw10/hace/seed_0/tb_logs/PPO_0
hace,0,176128,3732.612060546875,experiments/cw/results/cw_hace_cw10/hace/seed_0/tb_logs/PPO_0
hace,0,178176,3910.470947265625,experiments/cw/results/cw_hace_cw10/hace/seed_0/tb_logs/PPO_0
hace,0,180224,3919.442138671875,experiments/cw/results/cw_hace_cw10/hace/seed_0/tb_logs/PPO_0
hace,0,182272,4462.099609375,experiments/cw/results/cw_hace_cw10/hace/seed_0/tb_logs/PPO_0
hace,0,184320,5157.56494140625,experiments/cw/results/cw_hace_cw10/hace/seed_0/tb_logs/PPO_0
hace,0,186368,5155.00830078125,experiments/cw/results/cw_hace_cw10/hace/seed_0/tb_logs/PPO_0
hace,0,188416,4426.81005859375,experiments/cw/results/cw_hace_cw10/hace/seed_0/tb_logs/PPO_0
hace,0,190464,4203.2919921875,experiments/cw/results/cw_hace_cw10/hace/seed_0/tb_logs/PPO_0
hace,0,192512,1896.31103515625,experiments/cw/results/cw_hace_cw10/hace/seed_0/tb_logs/PPO_0
hace,0,194560,1840.6185302734375,experiments/cw/results/cw_hace_cw10/hace/seed_0/tb_logs/PPO_0
hace,0,196608,1340.6898193359375,experiments/cw/results/cw_hace_cw10/hace/seed_0/tb_logs/PPO_0
hace,0,198656,1235.3543701171875,experiments/cw/results/cw_hace_cw10/hace/seed_0/tb_logs/PPO_0
hace,0,200704,1232.061767578125,experiments/cw/results/cw_hace_cw10/hace/seed_0/tb_logs/PPO_0
hace,0,202752,40.89429473876953,experiments/cw/results/cw_hace_cw10/hace/seed_0/tb_logs/PPO_0
hace,0,204800,-26.519556045532227,experiments/cw/results/cw_hace_cw10/hace/seed_0/tb_logs/PPO_0
hace,0,206848,8.424339294433594,experiments/cw/results/cw_hace_cw10/hace/seed_0/tb_logs/PPO_0
hace,0,208896,16.617267608642578,experiments/cw/results/cw_hace_cw10/hace/seed_0/tb_logs/PPO_0
hace,0,210944,42.27029800415039,experiments/cw/results/cw_hace_cw10/hace/seed_0/tb_logs/PPO_0
hace,0,212992,50.89921188354492,experiments/cw/results/cw_hace_cw10/hace/seed_0/tb_logs/PPO_0
hace,0,215040,92.48162841796875,experiments/cw/results/cw_hace_cw10/hace/seed_0/tb_logs/PPO_0
hace,0,217088,85.76446533203125,experiments/cw/results/cw_hace_cw10/hace/seed_0/tb_logs/PPO_0
hace,0,219136,78.78719329833984,experiments/cw/results/cw_hace_cw10/hace/seed_0/tb_logs/PPO_0
hace,0,221184,67.80878448486328,experiments/cw/results/cw_hace_cw10/hace/seed_0/tb_logs/PPO_0
hace,0,223232,61.385128021240234,experiments/cw/results/cw_hace_cw10/hace/seed_0/tb_logs/PPO_0
hace,0,225280,48.54302215576172,experiments/cw/results/cw_hace_cw10/hace/seed_0/tb_logs/PPO_0
hace,0,227328,16.343135833740234,experiments/cw/results/cw_hace_cw10/hace/seed_0/tb_logs/PPO_0
hace,0,229376,-4.451259136199951,experiments/cw/results/cw_hace_cw10/hace/seed_0/tb_logs/PPO_0
hace,0,231424,-23.283206939697266,experiments/cw/results/cw_hace_cw10/hace/seed_0/tb_logs/PPO_0
hace,0,233472,-29.179052352905273,experiments/cw/results/cw_hace_cw10/hace/seed_0/tb_logs/PPO_0
hace,0,235520,-71.02279663085938,experiments/cw/results/cw_hace_cw10/hace/seed_0/tb_logs/PPO_0
hace,0,237568,-66.49307250976562,experiments/cw/results/cw_hace_cw10/hace/seed_0/tb_logs/PPO_0
hace,0,239616,-61.06289291381836,experiments/cw/results/cw_hace_cw10/hace/seed_0/tb_logs/PPO_0
hace,0,241664,-55.720333099365234,experiments/cw/results/cw_hace_cw10/hace/seed_0/tb_logs/PPO_0
hace,0,243712,-50.80861282348633,experiments/cw/results/cw_hace_cw10/hace/seed_0/tb_logs/PPO_0
hace,0,245760,-46.93074417114258,experiments/cw/results/cw_hace_cw10/hace/seed_0/tb_logs/PPO_0
hace,0,247808,-50.00825500488281,experiments/cw/results/cw_hace_cw10/hace/seed_0/tb_logs/PPO_0
hace,0,249856,-48.03506088256836,experiments/cw/results/cw_hace_cw10/hace/seed_0/tb_logs/PPO_0
hace,0,251904,-45.87976837158203,experiments/cw/results/cw_hace_cw10/hace/seed_0/tb_logs/PPO_0
hace,0,253952,-46.418296813964844,experiments/cw/results/cw_hace_cw10/hace/seed_0/tb_logs/PPO_0
hace,0,256000,-43.15835952758789,experiments/cw/results/cw_hace_cw10/hace/seed_0/tb_logs/PPO_0
hace,0,258048,24.91630744934082,experiments/cw/results/cw_hace_cw10/hace/seed_0/tb_logs/PPO_0
hace,0,260096,76.76691436767578,experiments/cw/results/cw_hace_cw10/hace/seed_0/tb_logs/PPO_0
hace,0,262144,132.8216552734375,experiments/cw/results/cw_hace_cw10/hace/seed_0/tb_logs/PPO_0
hace,0,264192,223.45437622070312,experiments/cw/results/cw_hace_cw10/hace/seed_0/tb_logs/PPO_0
hace,0,266240,262.01739501953125,experiments/cw/results/cw_hace_cw10/hace/seed_0/tb_logs/PPO_0
hace,0,268288,324.68218994140625,experiments/cw/results/cw_hace_cw10/hace/seed_0/tb_logs/PPO_0
hace,0,270336,444.81304931640625,experiments/cw/results/cw_hace_cw10/hace/seed_0/tb_logs/PPO_0
hace,0,272384,578.1329956054688,experiments/cw/results/cw_hace_cw10/hace/seed_0/tb_logs/PPO_0
hace,0,274432,715.80712890625,experiments/cw/results/cw_hace_cw10/hace/seed_0/tb_logs/PPO_0
hace,0,276480,858.1837158203125,experiments/cw/results/cw_hace_cw10/hace/seed_0/tb_logs/PPO_0
hace,0,278528,780.614013671875,experiments/cw/results/cw_hace_cw10/hace/seed_0/tb_logs/PPO_0
hace,0,280576,737.9356689453125,experiments/cw/results/cw_hace_cw10/hace/seed_0/tb_logs/PPO_0
hace,0,282624,661.7935180664062,experiments/cw/results/cw_hace_cw10/hace/seed_0/tb_logs/PPO_0
hace,0,284672,555.9146728515625,experiments/cw/results/cw_hace_cw10/hace/seed_0/tb_logs/PPO_0
hace,0,286720,540.70166015625,experiments/cw/results/cw_hace_cw10/hace/seed_0/tb_logs/PPO_0
hace,0,288768,442.2322998046875,experiments/cw/results/cw_hace_cw10/hace/seed_0/tb_logs/PPO_0
hace,0,290816,328.5811767578125,experiments/cw/results/cw_hace_cw10/hace/seed_0/tb_logs/PPO_0
hace,0,292864,211.42498779296875,experiments/cw/results/cw_hace_cw10/hace/seed_0/tb_logs/PPO_0
hace,0,294912,57.22614288330078,experiments/cw/results/cw_hace_cw10/hace/seed_0/tb_logs/PPO_0
hace,0,296960,-86.57015228271484,experiments/cw/results/cw_hace_cw10/hace/seed_0/tb_logs/PPO_0
hace,0,299008,-87.0843276977539,experiments/cw/results/cw_hace_cw10/hace/seed_0/tb_logs/PPO_0
hace,0,301056,-87.8202133178711,experiments/cw/results/cw_hace_cw10/hace/seed_0/tb_logs/PPO_0
hace,0,303104,-89.24258422851562,experiments/cw/results/cw_hace_cw10/hace/seed_0/tb_logs/PPO_0
hace,0,305152,-89.95235443115234,experiments/cw/results/cw_hace_cw10/hace/seed_0/tb_logs/PPO_0
hace,0,307200,-90.52003479003906,experiments/cw/results/cw_hace_cw10/hace/seed_0/tb_logs/PPO_0
pure_homeo,0,2048,-0.22637510299682617,experiments/cw/results/cw_hace_cw10/pure_homeo/seed_0/tb_logs/PPO_0
pure_homeo,0,4096,-0.21968820691108704,experiments/cw/results/cw_hace_cw10/pure_homeo/seed_0/tb_logs/PPO_0
pure_homeo,0,6144,-0.1480976939201355,experiments/cw/results/cw_hace_cw10/pure_homeo/seed_0/tb_logs/PPO_0
pure_homeo,0,8192,-0.10230152308940887,experiments/cw/results/cw_hace_cw10/pure_homeo/seed_0/tb_logs/PPO_0
pure_homeo,0,10240,-0.07980066537857056,experiments/cw/results/cw_hace_cw10/pure_homeo/seed_0/tb_logs/PPO_0
pure_homeo,0,12288,-0.08941249549388885,experiments/cw/results/cw_hace_cw10/pure_homeo/seed_0/tb_logs/PPO_0
pure_homeo,0,14336,-0.038465239107608795,experiments/cw/results/cw_hace_cw10/pure_homeo/seed_0/tb_logs/PPO_0
pure_homeo,0,16384,-0.010343099012970924,experiments/cw/results/cw_hace_cw10/pure_homeo/seed_0/tb_logs/PPO_0
pure_homeo,0,18432,-0.0036650218535214663,experiments/cw/results/cw_hace_cw10/pure_homeo/seed_0/tb_logs/PPO_0
pure_homeo,0,20480,-0.012287990190088749,experiments/cw/results/cw_hace_cw10/pure_homeo/seed_0/tb_logs/PPO_0
pure_homeo,0,22528,-0.010116050019860268,experiments/cw/results/cw_hace_cw10/pure_homeo/seed_0/tb_logs/PPO_0
pure_homeo,0,24576,0.012669449672102928,experiments/cw/results/cw_hace_cw10/pure_homeo/seed_0/tb_logs/PPO_0
pure_homeo,0,26624,0.012232569977641106,experiments/cw/results/cw_hace_cw10/pure_homeo/seed_0/tb_logs/PPO_0
pure_homeo,0,28672,0.0208438690751791,experiments/cw/results/cw_hace_cw10/pure_homeo/seed_0/tb_logs/PPO_0
pure_homeo,0,30720,0.03210709989070892,experiments/cw/results/cw_hace_cw10/pure_homeo/seed_0/tb_logs/PPO_0
pure_homeo,0,32768,0.038249991834163666,experiments/cw/results/cw_hace_cw10/pure_homeo/seed_0/tb_logs/PPO_0
pure_homeo,0,34816,0.031466469168663025,experiments/cw/results/cw_hace_cw10/pure_homeo/seed_0/tb_logs/PPO_0
pure_homeo,0,36864,0.01830415055155754,experiments/cw/results/cw_hace_cw10/pure_homeo/seed_0/tb_logs/PPO_0
pure_homeo,0,38912,0.01352727971971035,experiments/cw/results/cw_hace_cw10/pure_homeo/seed_0/tb_logs/PPO_0
pure_homeo,0,40960,0.01998475007712841,experiments/cw/results/cw_hace_cw10/pure_homeo/seed_0/tb_logs/PPO_0
pure_homeo,0,43008,0.024857930839061737,experiments/cw/results/cw_hace_cw10/pure_homeo/seed_0/tb_logs/PPO_0
pure_homeo,0,45056,0.0031720399856567383,experiments/cw/results/cw_hace_cw10/pure_homeo/seed_0/tb_logs/PPO_0
pure_homeo,0,47104,0.03780364990234375,experiments/cw/results/cw_hace_cw10/pure_homeo/seed_0/tb_logs/PPO_0
pure_homeo,0,49152,0.05895886942744255,experiments/cw/results/cw_hace_cw10/pure_homeo/seed_0/tb_logs/PPO_0
pure_homeo,0,51200,0.053974371403455734,experiments/cw/results/cw_hace_cw10/pure_homeo/seed_0/tb_logs/PPO_0
pure_homeo,0,53248,0.04186490178108215,experiments/cw/results/cw_hace_cw10/pure_homeo/seed_0/tb_logs/PPO_0
pure_homeo,0,55296,0.014880429953336716,experiments/cw/results/cw_hace_cw10/pure_homeo/seed_0/tb_logs/PPO_0
pure_homeo,0,57344,0.01880005933344364,experiments/cw/results/cw_hace_cw10/pure_homeo/seed_0/tb_logs/PPO_0
pure_homeo,0,59392,0.04940551891922951,experiments/cw/results/cw_hace_cw10/pure_homeo/seed_0/tb_logs/PPO_0
pure_homeo,0,61440,0.05095117166638374,experiments/cw/results/cw_hace_cw10/pure_homeo/seed_0/tb_logs/PPO_0
pure_homeo,0,63488,0.06410203129053116,experiments/cw/results/cw_hace_cw10/pure_homeo/seed_0/tb_logs/PPO_0
pure_homeo,0,65536,0.07319608330726624,experiments/cw/results/cw_hace_cw10/pure_homeo/seed_0/tb_logs/PPO_0
pure_homeo,0,67584,0.05191021040081978,experiments/cw/results/cw_hace_cw10/pure_homeo/seed_0/tb_logs/PPO_0
pure_homeo,0,69632,0.04077880084514618,experiments/cw/results/cw_hace_cw10/pure_homeo/seed_0/tb_logs/PPO_0
pure_homeo,0,71680,0.051523808389902115,experiments/cw/results/cw_hace_cw10/pure_homeo/seed_0/tb_logs/PPO_0
pure_homeo,0,73728,0.049425430595874786,experiments/cw/results/cw_hace_cw10/pure_homeo/seed_0/tb_logs/PPO_0
pure_homeo,0,75776,0.08482448011636734,experiments/cw/results/cw_hace_cw10/pure_homeo/seed_0/tb_logs/PPO_0
pure_homeo,0,77824,0.08359736204147339,experiments/cw/results/cw_hace_cw10/pure_homeo/seed_0/tb_logs/PPO_0
pure_homeo,0,79872,0.06552966684103012,experiments/cw/results/cw_hace_cw10/pure_homeo/seed_0/tb_logs/PPO_0
pure_homeo,0,81920,0.06955315917730331,experiments/cw/results/cw_hace_cw10/pure_homeo/seed_0/tb_logs/PPO_0
pure_homeo,0,83968,0.08499117195606232,experiments/cw/results/cw_hace_cw10/pure_homeo/seed_0/tb_logs/PPO_0
pure_homeo,0,86016,0.06403812766075134,experiments/cw/results/cw_hace_cw10/pure_homeo/seed_0/tb_logs/PPO_0
pure_homeo,0,88064,0.061150338500738144,experiments/cw/results/cw_hace_cw10/pure_homeo/seed_0/tb_logs/PPO_0
pure_homeo,0,90112,0.05032794177532196,experiments/cw/results/cw_hace_cw10/pure_homeo/seed_0/tb_logs/PPO_0
pure_homeo,0,92160,0.05585666000843048,experiments/cw/results/cw_hace_cw10/pure_homeo/seed_0/tb_logs/PPO_0
pure_homeo,0,94208,0.05139840021729469,experiments/cw/results/cw_hace_cw10/pure_homeo/seed_0/tb_logs/PPO_0
pure_homeo,0,96256,0.04884611815214157,experiments/cw/results/cw_hace_cw10/pure_homeo/seed_0/tb_logs/PPO_0
pure_homeo,0,98304,0.06492482125759125,experiments/cw/results/cw_hace_cw10/pure_homeo/seed_0/tb_logs/PPO_0
pure_homeo,0,100352,0.04213795065879822,experiments/cw/results/cw_hace_cw10/pure_homeo/seed_0/tb_logs/PPO_0
pure_homeo,0,102400,0.04148935154080391,experiments/cw/results/cw_hace_cw10/pure_homeo/seed_0/tb_logs/PPO_0
pure_homeo,0,104448,0.056032728403806686,experiments/cw/results/cw_hace_cw10/pure_homeo/seed_0/tb_logs/PPO_0
pure_homeo,0,106496,0.07450176030397415,experiments/cw/results/cw_hace_cw10/pure_homeo/seed_0/tb_logs/PPO_0
pure_homeo,0,108544,0.06936956942081451,experiments/cw/results/cw_hace_cw10/pure_homeo/seed_0/tb_logs/PPO_0
pure_homeo,0,110592,0.046217210590839386,experiments/cw/results/cw_hace_cw10/pure_homeo/seed_0/tb_logs/PPO_0
pure_homeo,0,112640,0.0466453991830349,experiments/cw/results/cw_hace_cw10/pure_homeo/seed_0/tb_logs/PPO_0
pure_homeo,0,114688,0.06511913985013962,experiments/cw/results/cw_hace_cw10/pure_homeo/seed_0/tb_logs/PPO_0
pure_homeo,0,116736,0.028471069410443306,experiments/cw/results/cw_hace_cw10/pure_homeo/seed_0/tb_logs/PPO_0
pure_homeo,0,118784,0.04150601848959923,experiments/cw/results/cw_hace_cw10/pure_homeo/seed_0/tb_logs/PPO_0
pure_homeo,0,120832,0.07933972775936127,experiments/cw/results/cw_hace_cw10/pure_homeo/seed_0/tb_logs/PPO_0
pure_homeo,0,122880,0.06388816982507706,experiments/cw/results/cw_hace_cw10/pure_homeo/seed_0/tb_logs/PPO_0
pure_homeo,0,124928,0.049067310988903046,experiments/cw/results/cw_hace_cw10/pure_homeo/seed_0/tb_logs/PPO_0
pure_homeo,0,126976,0.018213730305433273,experiments/cw/results/cw_hace_cw10/pure_homeo/seed_0/tb_logs/PPO_0
pure_homeo,0,129024,0.017891520634293556,experiments/cw/results/cw_hace_cw10/pure_homeo/seed_0/tb_logs/PPO_0
pure_homeo,0,131072,0.0385061614215374,experiments/cw/results/cw_hace_cw10/pure_homeo/seed_0/tb_logs/PPO_0
pure_homeo,0,133120,0.0039711399003863335,experiments/cw/results/cw_hace_cw10/pure_homeo/seed_0/tb_logs/PPO_0
pure_homeo,0,135168,-0.008909610100090504,experiments/cw/results/cw_hace_cw10/pure_homeo/seed_0/tb_logs/PPO_0
pure_homeo,0,137216,-0.0017910100286826491,experiments/cw/results/cw_hace_cw10/pure_homeo/seed_0/tb_logs/PPO_0
pure_homeo,0,139264,-0.013131859712302685,experiments/cw/results/cw_hace_cw10/pure_homeo/seed_0/tb_logs/PPO_0
pure_homeo,0,141312,-0.04861818999052048,experiments/cw/results/cw_hace_cw10/pure_homeo/seed_0/tb_logs/PPO_0
pure_homeo,0,143360,-0.05182316154241562,experiments/cw/results/cw_hace_cw10/pure_homeo/seed_0/tb_logs/PPO_0
pure_homeo,0,145408,-0.03569724038243294,experiments/cw/results/cw_hace_cw10/pure_homeo/seed_0/tb_logs/PPO_0
pure_homeo,0,147456,0.02414179965853691,experiments/cw/results/cw_hace_cw10/pure_homeo/seed_0/tb_logs/PPO_0
pure_homeo,0,149504,0.037287019193172455,experiments/cw/results/cw_hace_cw10/pure_homeo/seed_0/tb_logs/PPO_0
pure_homeo,0,151552,0.04354261979460716,experiments/cw/results/cw_hace_cw10/pure_homeo/seed_0/tb_logs/PPO_0
pure_homeo,0,153600,0.04512130096554756,experiments/cw/results/cw_hace_cw10/pure_homeo/seed_0/tb_logs/PPO_0
pure_homeo,0,155648,0.06925737112760544,experiments/cw/results/cw_hace_cw10/pure_homeo/seed_0/tb_logs/PPO_0
pure_homeo,0,157696,0.05406171828508377,experiments/cw/results/cw_hace_cw10/pure_homeo/seed_0/tb_logs/PPO_0
pure_homeo,0,159744,0.053007010370492935,experiments/cw/results/cw_hace_cw10/pure_homeo/seed_0/tb_logs/PPO_0
pure_homeo,0,161792,0.06659592688083649,experiments/cw/results/cw_hace_cw10/pure_homeo/seed_0/tb_logs/PPO_0
pure_homeo,0,163840,0.056390080600976944,experiments/cw/results/cw_hace_cw10/pure_homeo/seed_0/tb_logs/PPO_0
pure_homeo,0,165888,0.041926659643650055,experiments/cw/results/cw_hace_cw10/pure_homeo/seed_0/tb_logs/PPO_0
pure_homeo,0,167936,0.00641873013228178,experiments/cw/results/cw_hace_cw10/pure_homeo/seed_0/tb_logs/PPO_0
pure_homeo,0,169984,-0.0046784901060163975,experiments/cw/results/cw_hace_cw10/pure_homeo/seed_0/tb_logs/PPO_0
pure_homeo,0,172032,-0.010020130313932896,experiments/cw/results/cw_hace_cw10/pure_homeo/seed_0/tb_logs/PPO_0
pure_homeo,0,174080,-0.004460460040718317,experiments/cw/results/cw_hace_cw10/pure_homeo/seed_0/tb_logs/PPO_0
pure_homeo,0,176128,-0.01343224011361599,experiments/cw/results/cw_hace_cw10/pure_homeo/seed_0/tb_logs/PPO_0
pure_homeo,0,178176,-0.004094580188393593,experiments/cw/results/cw_hace_cw10/pure_homeo/seed_0/tb_logs/PPO_0
pure_homeo,0,180224,0.003017950104549527,experiments/cw/results/cw_hace_cw10/pure_homeo/seed_0/tb_logs/PPO_0
pure_homeo,0,182272,0.0150612099096179,experiments/cw/results/cw_hace_cw10/pure_homeo/seed_0/tb_logs/PPO_0
pure_homeo,0,184320,0.00328532001003623,experiments/cw/results/cw_hace_cw10/pure_homeo/seed_0/tb_logs/PPO_0
pure_homeo,0,186368,0.022746099159121513,experiments/cw/results/cw_hace_cw10/pure_homeo/seed_0/tb_logs/PPO_0
pure_homeo,0,188416,0.047767240554094315,experiments/cw/results/cw_hace_cw10/pure_homeo/seed_0/tb_logs/PPO_0
pure_homeo,0,190464,0.038391828536987305,experiments/cw/results/cw_hace_cw10/pure_homeo/seed_0/tb_logs/PPO_0
pure_homeo,0,192512,0.04930907115340233,experiments/cw/results/cw_hace_cw10/pure_homeo/seed_0/tb_logs/PPO_0
pure_homeo,0,194560,0.04599007964134216,experiments/cw/results/cw_hace_cw10/pure_homeo/seed_0/tb_logs/PPO_0
pure_homeo,0,196608,0.06974101066589355,experiments/cw/results/cw_hace_cw10/pure_homeo/seed_0/tb_logs/PPO_0
pure_homeo,0,198656,0.0618392713367939,experiments/cw/results/cw_hace_cw10/pure_homeo/seed_0/tb_logs/PPO_0
pure_homeo,0,200704,0.05770847946405411,experiments/cw/results/cw_hace_cw10/pure_homeo/seed_0/tb_logs/PPO_0
pure_homeo,0,202752,0.062315668910741806,experiments/cw/results/cw_hace_cw10/pure_homeo/seed_0/tb_logs/PPO_0
pure_homeo,0,204800,0.05971106141805649,experiments/cw/results/cw_hace_cw10/pure_homeo/seed_0/tb_logs/PPO_0
pure_homeo,0,206848,0.0494934506714344,experiments/cw/results/cw_hace_cw10/pure_homeo/seed_0/tb_logs/PPO_0
pure_homeo,0,208896,0.03205367922782898,experiments/cw/results/cw_hace_cw10/pure_homeo/seed_0/tb_logs/PPO_0
pure_homeo,0,210944,0.04808039963245392,experiments/cw/results/cw_hace_cw10/pure_homeo/seed_0/tb_logs/PPO_0
pure_homeo,0,212992,0.028123579919338226,experiments/cw/results/cw_hace_cw10/pure_homeo/seed_0/tb_logs/PPO_0
pure_homeo,0,215040,0.020921740680933,experiments/cw/results/cw_hace_cw10/pure_homeo/seed_0/tb_logs/PPO_0
pure_homeo,0,217088,0.017008069902658463,experiments/cw/results/cw_hace_cw10/pure_homeo/seed_0/tb_logs/PPO_0
pure_homeo,0,219136,0.020024370402097702,experiments/cw/results/cw_hace_cw10/pure_homeo/seed_0/tb_logs/PPO_0
pure_homeo,0,221184,0.012356939725577831,experiments/cw/results/cw_hace_cw10/pure_homeo/seed_0/tb_logs/PPO_0
pure_homeo,0,223232,-0.005178419873118401,experiments/cw/results/cw_hace_cw10/pure_homeo/seed_0/tb_logs/PPO_0
pure_homeo,0,225280,0.004701749887317419,experiments/cw/results/cw_hace_cw10/pure_homeo/seed_0/tb_logs/PPO_0
pure_homeo,0,227328,0.014989299699664116,experiments/cw/results/cw_hace_cw10/pure_homeo/seed_0/tb_logs/PPO_0
pure_homeo,0,229376,0.010546009987592697,experiments/cw/results/cw_hace_cw10/pure_homeo/seed_0/tb_logs/PPO_0
pure_homeo,0,231424,0.01258786953985691,experiments/cw/results/cw_hace_cw10/pure_homeo/seed_0/tb_logs/PPO_0
pure_homeo,0,233472,0.029884830117225647,experiments/cw/results/cw_hace_cw10/pure_homeo/seed_0/tb_logs/PPO_0
pure_homeo,0,235520,0.03779761865735054,experiments/cw/results/cw_hace_cw10/pure_homeo/seed_0/tb_logs/PPO_0
pure_homeo,0,237568,0.02516762912273407,experiments/cw/results/cw_hace_cw10/pure_homeo/seed_0/tb_logs/PPO_0
pure_homeo,0,239616,0.04328811913728714,experiments/cw/results/cw_hace_cw10/pure_homeo/seed_0/tb_logs/PPO_0
pure_homeo,0,241664,0.07263872027397156,experiments/cw/results/cw_hace_cw10/pure_homeo/seed_0/tb_logs/PPO_0
pure_homeo,0,243712,0.05785413086414337,experiments/cw/results/cw_hace_cw10/pure_homeo/seed_0/tb_logs/PPO_0
pure_homeo,0,245760,0.044679541140794754,experiments/cw/results/cw_hace_cw10/pure_homeo/seed_0/tb_logs/PPO_0
pure_homeo,0,247808,0.06634960323572159,experiments/cw/results/cw_hace_cw10/pure_homeo/seed_0/tb_logs/PPO_0
pure_homeo,0,249856,0.08048047125339508,experiments/cw/results/cw_hace_cw10/pure_homeo/seed_0/tb_logs/PPO_0
pure_homeo,0,251904,0.10898631811141968,experiments/cw/results/cw_hace_cw10/pure_homeo/seed_0/tb_logs/PPO_0
pure_homeo,0,253952,0.1321839839220047,experiments/cw/results/cw_hace_cw10/pure_homeo/seed_0/tb_logs/PPO_0
pure_homeo,0,256000,0.15470832586288452,experiments/cw/results/cw_hace_cw10/pure_homeo/seed_0/tb_logs/PPO_0
pure_homeo,0,258048,0.176225483417511,experiments/cw/results/cw_hace_cw10/pure_homeo/seed_0/tb_logs/PPO_0
pure_homeo,0,260096,0.19703009724617004,experiments/cw/results/cw_hace_cw10/pure_homeo/seed_0/tb_logs/PPO_0
pure_homeo,0,262144,0.22640348970890045,experiments/cw/results/cw_hace_cw10/pure_homeo/seed_0/tb_logs/PPO_0
pure_homeo,0,264192,0.2628377377986908,experiments/cw/results/cw_hace_cw10/pure_homeo/seed_0/tb_logs/PPO_0
pure_homeo,0,266240,0.2910177707672119,experiments/cw/results/cw_hace_cw10/pure_homeo/seed_0/tb_logs/PPO_0
pure_homeo,0,268288,0.29295143485069275,experiments/cw/results/cw_hace_cw10/pure_homeo/seed_0/tb_logs/PPO_0
pure_homeo,0,270336,0.30882883071899414,experiments/cw/results/cw_hace_cw10/pure_homeo/seed_0/tb_logs/PPO_0
pure_homeo,0,272384,0.2990128695964813,experiments/cw/results/cw_hace_cw10/pure_homeo/seed_0/tb_logs/PPO_0
pure_homeo,0,274432,0.30523523688316345,experiments/cw/results/cw_hace_cw10/pure_homeo/seed_0/tb_logs/PPO_0
pure_homeo,0,276480,0.3062259554862976,experiments/cw/results/cw_hace_cw10/pure_homeo/seed_0/tb_logs/PPO_0
pure_homeo,0,278528,0.29536429047584534,experiments/cw/results/cw_hace_cw10/pure_homeo/seed_0/tb_logs/PPO_0
pure_homeo,0,280576,0.2654581665992737,experiments/cw/results/cw_hace_cw10/pure_homeo/seed_0/tb_logs/PPO_0
pure_homeo,0,282624,0.23905430734157562,experiments/cw/results/cw_hace_cw10/pure_homeo/seed_0/tb_logs/PPO_0
pure_homeo,0,284672,0.22458423674106598,experiments/cw/results/cw_hace_cw10/pure_homeo/seed_0/tb_logs/PPO_0
pure_homeo,0,286720,0.21580544114112854,experiments/cw/results/cw_hace_cw10/pure_homeo/seed_0/tb_logs/PPO_0
pure_homeo,0,288768,0.21802668273448944,experiments/cw/results/cw_hace_cw10/pure_homeo/seed_0/tb_logs/PPO_0
pure_homeo,0,290816,0.1991010159254074,experiments/cw/results/cw_hace_cw10/pure_homeo/seed_0/tb_logs/PPO_0
pure_homeo,0,292864,0.1795015037059784,experiments/cw/results/cw_hace_cw10/pure_homeo/seed_0/tb_logs/PPO_0
pure_homeo,0,294912,0.15417170524597168,experiments/cw/results/cw_hace_cw10/pure_homeo/seed_0/tb_logs/PPO_0
pure_homeo,0,296960,0.1539677530527115,experiments/cw/results/cw_hace_cw10/pure_homeo/seed_0/tb_logs/PPO_0
pure_homeo,0,299008,0.16236843168735504,experiments/cw/results/cw_hace_cw10/pure_homeo/seed_0/tb_logs/PPO_0
pure_homeo,0,301056,0.177693173289299,experiments/cw/results/cw_hace_cw10/pure_homeo/seed_0/tb_logs/PPO_0
pure_homeo,0,303104,0.1793927252292633,experiments/cw/results/cw_hace_cw10/pure_homeo/seed_0/tb_logs/PPO_0
pure_homeo,0,305152,0.19737565517425537,experiments/cw/results/cw_hace_cw10/pure_homeo/seed_0/tb_logs/PPO_0
pure_homeo,0,307200,0.20878027379512787,experiments/cw/results/cw_hace_cw10/pure_homeo/seed_0/tb_logs/PPO_0
