agent,seed,step,value
vanilla,0,800,-32.01544952392578
vanilla,0,1600,-28.774499893188477
vanilla,0,2400,-26.827157974243164
vanilla,0,3200,-27.28910255432129
vanilla,0,4000,-27.640941619873047
vanilla,0,4800,-28.404638290405273
vanilla,0,5600,-27.762666702270508
vanilla,0,6400,5.979853630065918
vanilla,0,7200,2.708989143371582
vanilla,0,8000,-0.49587494134902954
vanilla,0,8800,5.5906476974487305
vanilla,0,9600,2.6188693046569824
vanilla,0,10400,-1.5493214130401611
vanilla,0,11200,-3.9805328845977783
vanilla,0,12000,21.8986759185791
vanilla,0,12800,38.777587890625
vanilla,0,13600,34.49473190307617
vanilla,0,14400,39.287784576416016
vanilla,0,15200,281.7920227050781
vanilla,0,16000,458.05987548828125
vanilla,0,16800,604.160400390625
vanilla,0,17600,611.8297729492188
vanilla,0,18400,596.3569946289062
vanilla,0,19200,711.1870727539062
vanilla,0,20000,814.892822265625
vanilla,0,20800,948.7864379882812
vanilla,0,21600,1083.9957275390625
vanilla,0,22400,1211.309326171875
vanilla,0,23200,1306.6832275390625
vanilla,0,24000,1432.87890625
vanilla,0,24800,1433.4608154296875
vanilla,0,25600,1433.3743896484375
vanilla,0,26400,1481.18798828125
vanilla,0,27200,1573.790771484375
vanilla,0,28000,1617.3272705078125
vanilla,0,28800,1642.3330078125
vanilla,0,29600,1776.2606201171875
vanilla,0,30400,1880.492431640625
vanilla,0,31200,2014.7523193359375
vanilla,0,32000,2073.997314453125
vanilla,0,32800,2199.95849609375
vanilla,0,33600,2275.01708984375
vanilla,0,34400,2350.865234375
vanilla,0,35200,2252.884765625
vanilla,0,36000,2199.77001953125
vanilla,0,36800,2142.962646484375
vanilla,0,37600,2231.105224609375
vanilla,0,38400,2343.959716796875
vanilla,0,39200,2364.02587890625
vanilla,0,40000,2358.95361328125
vanilla,0,40800,2353.368896484375
vanilla,0,41600,2350.589599609375
vanilla,0,42400,2343.98828125
vanilla,0,43200,2360.478515625
vanilla,0,44000,2353.146240234375
vanilla,0,44800,2460.466552734375
vanilla,0,45600,2582.0888671875
vanilla,0,46400,2635.835205078125
vanilla,0,47200,2647.651123046875
vanilla,0,48000,2694.70068359375
vanilla,0,48800,2771.16455078125
vanilla,0,49600,2740.6796875
vanilla,0,50400,2761.37890625
vanilla,0,51200,2751.54931640625
vanilla,0,52000,2763.938232421875
vanilla,0,52800,2761.807373046875
vanilla,0,53600,2794.64013671875
vanilla,0,54400,2787.7783203125
vanilla,0,55200,2774.359375
vanilla,0,56000,2739.535400390625
vanilla,0,56800,2654.47021484375
vanilla,0,57600,2534.773193359375
vanilla,0,58400,2434.940185546875
vanilla,0,59200,2280.17138671875
vanilla,0,60000,2152.347412109375
vanilla,0,60800,2024.4931640625
vanilla,0,61600,1892.4488525390625
vanilla,0,62400,1844.9322509765625
vanilla,0,63200,1872.4981689453125
vanilla,0,64000,1894.4461669921875
vanilla,0,64800,1927.40869140625
vanilla,0,65600,1953.1805419921875
vanilla,0,66400,2035.312255859375
vanilla,0,67200,2098.880615234375
vanilla,0,68000,2192.658203125
vanilla,0,68800,2273.723388671875
vanilla,0,69600,2355.126220703125
vanilla,0,70400,2387.715576171875
vanilla,0,71200,2444.27685546875
vanilla,0,72000,2512.76416015625
vanilla,0,72800,2566.786376953125
vanilla,0,73600,2623.9130859375
vanilla,0,74400,2740.57958984375
vanilla,0,75200,2876.451171875
vanilla,0,76000,3005.531494140625
vanilla,0,76800,3234.574462890625
vanilla,0,77600,3440.235595703125
vanilla,0,78400,3630.385009765625
vanilla,0,79200,3825.369873046875
vanilla,0,80000,4045.216796875
vanilla,0,80800,4198.2841796875
vanilla,0,81600,4389.974609375
vanilla,0,82400,4482.9765625
vanilla,0,83200,4483.16845703125
vanilla,0,84000,4512.56982421875
vanilla,0,84800,4538.94482421875
vanilla,0,85600,4546.73583984375
vanilla,0,86400,4504.61181640625
vanilla,0,87200,4510.61328125
vanilla,0,88000,4490.85205078125
vanilla,0,88800,4455.73828125
vanilla,0,89600,4451.048828125
vanilla,0,90400,4443.54345703125
vanilla,0,91200,4474.96142578125
vanilla,0,92000,4512.48388671875
vanilla,0,92800,4497.51025390625
vanilla,0,93600,4477.783203125
vanilla,0,94400,4438.6337890625
vanilla,0,95200,4411.74658203125
vanilla,0,96000,4366.8837890625
vanilla,0,96800,4287.76904296875
vanilla,0,97600,4274.7490234375
vanilla,0,98400,4282.984375
vanilla,0,99200,4284.46923828125
vanilla,0,100000,4301.85595703125
vanilla,0,100800,4388.26220703125
vanilla,0,101600,4415.63134765625
vanilla,0,102400,4477.201171875
vanilla,0,103200,4554.8916015625
vanilla,0,104000,4620.69921875
vanilla,0,104800,4723.10546875
vanilla,0,105600,4860.77783203125
vanilla,0,106400,4971.51416015625
vanilla,0,107200,4993.08154296875
vanilla,0,108000,4940.27392578125
vanilla,0,108800,4868.18408203125
vanilla,0,109600,4871.27294921875
vanilla,0,110400,4900.048828125
vanilla,0,111200,4880.40673828125
vanilla,0,112000,4885.52587890625
vanilla,0,112800,4880.31787109375
vanilla,0,113600,4925.47314453125
vanilla,0,114400,4961.751953125
vanilla,0,115200,5047.587890625
vanilla,0,116000,5099.00927734375
vanilla,0,116800,5187.61328125
vanilla,0,117600,5241.9716796875
vanilla,0,118400,5303.1787109375
vanilla,0,119200,5331.60888671875
vanilla,0,120000,5393.9013671875
vanilla,0,120800,5429.1591796875
vanilla,0,121600,5466.9658203125
vanilla,0,122400,5374.10791015625
vanilla,0,123200,5371.60693359375
vanilla,0,124000,5366.7783203125
vanilla,0,124800,5242.130859375
vanilla,0,125600,5103.02392578125
vanilla,0,126400,5060.63720703125
vanilla,0,127200,5163.69140625
vanilla,0,128000,5363.91796875
vanilla,0,128800,5609.01904296875
vanilla,0,129600,5695.87890625
vanilla,0,130400,5791.46484375
vanilla,0,131200,5862.546875
vanilla,0,132000,5935.54736328125
vanilla,0,132800,6032.85400390625
vanilla,0,133600,6061.703125
vanilla,0,134400,6082.9228515625
vanilla,0,135200,6006.9560546875
vanilla,0,136000,6137.7490234375
vanilla,0,136800,6245.60595703125
vanilla,0,137600,6360.4248046875
vanilla,0,138400,6460.32958984375
vanilla,0,139200,6584.4150390625
vanilla,0,140000,6574.8681640625
vanilla,0,140800,6580.05322265625
vanilla,0,141600,6732.1767578125
vanilla,0,142400,7015.34765625
vanilla,0,143200,7124.26904296875
vanilla,0,144000,7247.02978515625
vanilla,0,144800,7517.80029296875
vanilla,0,145600,7604.7998046875
vanilla,0,146400,7741.9375
vanilla,0,147200,7794.46435546875
vanilla,0,148000,7607.78466796875
vanilla,0,148800,7669.97412109375
vanilla,0,149600,7798.27099609375
vanilla,0,150400,7901.47119140625
vanilla,0,151200,8037.552734375
vanilla,0,152000,8102.96728515625
vanilla,0,152800,8199.10546875
vanilla,0,153600,8315.6357421875
vanilla,0,154400,8508.8466796875
vanilla,0,155200,8728.900390625
vanilla,0,156000,8812.529296875
vanilla,0,156800,8877.8798828125
vanilla,0,157600,8881.0400390625
vanilla,0,158400,8893.0087890625
vanilla,0,159200,8895.3955078125
vanilla,0,160000,8982.3154296875
vanilla,0,160800,9046.41015625
vanilla,0,161600,8989.34375
vanilla,0,162400,8906.5390625
vanilla,0,163200,8933.6650390625
vanilla,0,164000,8925.146484375
vanilla,0,164800,8812.0263671875
vanilla,0,165600,8950.232421875
vanilla,0,166400,8862.66015625
vanilla,0,167200,8924.79296875
vanilla,0,168000,9230.8955078125
vanilla,0,168800,9338.6796875
vanilla,0,169600,9449.2978515625
vanilla,0,170400,9626.4541015625
vanilla,0,171200,9714.7939453125
vanilla,0,172000,9927.6728515625
vanilla,0,172800,9892.2001953125
vanilla,0,173600,10014.3984375
vanilla,0,174400,10212.7060546875
vanilla,0,175200,10374.0537109375
vanilla,0,176000,10555.509765625
vanilla,0,176800,10798.716796875
vanilla,0,177600,10912.876953125
vanilla,0,178400,11127.7294921875
vanilla,0,179200,11402.6708984375
vanilla,0,180000,11769.546875
vanilla,0,180800,11963.28125
vanilla,0,181600,12154.111328125
vanilla,0,182400,11967.7587890625
vanilla,0,183200,11714.501953125
vanilla,0,184000,11819.6318359375
vanilla,0,184800,11965.6318359375
vanilla,0,185600,11680.298828125
vanilla,0,186400,11656.2763671875
vanilla,0,187200,11338.4775390625
vanilla,0,188000,11254.1669921875
vanilla,0,188800,10932.380859375
vanilla,0,189600,10827.248046875
vanilla,0,190400,11118.9970703125
vanilla,0,191200,11228.10546875
vanilla,0,192000,11274.2939453125
vanilla,0,192800,11072.794921875
vanilla,0,193600,11378.3173828125
vanilla,0,194400,11444.6005859375
vanilla,0,195200,11437.1845703125
vanilla,0,196000,11703.5185546875
vanilla,0,196800,12246.173828125
vanilla,0,197600,13126.92578125
vanilla,0,198400,13908.95703125
vanilla,0,199200,14447.5576171875
vanilla,0,200000,15110.3525390625
vanilla,0,200800,15251.3232421875
vanilla,0,201600,15190.888671875
vanilla,0,202400,15309.55078125
vanilla,0,203200,16295.4794921875
vanilla,0,204000,16963.87109375
vanilla,0,204800,17831.095703125
vanilla,0,205600,18779.912109375
vanilla,0,206400,19153.919921875
vanilla,0,207200,19581.71875
vanilla,0,208000,20078.8125
vanilla,0,208800,20128.599609375
vanilla,0,209600,20307.125
vanilla,0,210400,20332.19921875
vanilla,0,211200,20122.4765625
vanilla,0,212000,20225.423828125
vanilla,0,212800,20746.0234375
vanilla,0,213600,20357.60546875
vanilla,0,214400,20752.732421875
vanilla,0,215200,21288.33203125
vanilla,0,216000,21468.85546875
vanilla,0,216800,20723.701171875
vanilla,0,217600,19410.056640625
vanilla,0,218400,19022.302734375
vanilla,0,219200,18746.580078125
vanilla,0,220000,17741.921875
vanilla,0,220800,17605.154296875
vanilla,0,221600,18782.45703125
vanilla,0,222400,19336.166015625
vanilla,0,223200,18281.091796875
vanilla,0,224000,17298.81640625
vanilla,0,224800,15994.68359375
vanilla,0,225600,15415.9931640625
vanilla,0,226400,14807.4013671875
vanilla,0,227200,14293.8603515625
vanilla,0,228000,13458.8173828125
vanilla,0,228800,13241.193359375
vanilla,0,229600,12685.7822265625
vanilla,0,230400,11844.77734375
vanilla,0,231200,11529.224609375
vanilla,0,232000,10851.736328125
vanilla,0,232800,10223.283203125
vanilla,0,233600,9861.53125
vanilla,0,234400,8824.2451171875
vanilla,0,235200,8031.35693359375
vanilla,0,236000,7483.04833984375
vanilla,0,236800,8070.3486328125
vanilla,0,237600,9567.9990234375
vanilla,0,238400,10031.7890625
vanilla,0,239200,10705.9384765625
vanilla,0,240000,11588.056640625
vanilla,0,240800,12041.9306640625
vanilla,0,241600,11475.5830078125
vanilla,0,242400,10995.3525390625
vanilla,0,243200,11235.333984375
vanilla,0,244000,11880.248046875
vanilla,0,244800,12752.2490234375
vanilla,0,245600,13402.21875
vanilla,0,246400,14186.6787109375
vanilla,0,247200,16017.76953125
vanilla,0,248000,17564.662109375
vanilla,0,248800,19201.6640625
vanilla,0,249600,20221.560546875
vanilla,0,250400,21573.5390625
vanilla,0,251200,23029.580078125
vanilla,0,252000,24194.18359375
vanilla,0,252800,25567.943359375
vanilla,0,253600,26885.22265625
vanilla,0,254400,28241.00390625
vanilla,0,255200,29943.08984375
vanilla,0,256000,31024.791015625
vanilla,0,256800,31592.890625
vanilla,0,257600,31487.943359375
vanilla,0,258400,30763.87109375
vanilla,0,259200,30050.865234375
vanilla,0,260000,29942.583984375
vanilla,0,260800,29861.16796875
vanilla,0,261600,30122.474609375
vanilla,0,262400,30992.95703125
vanilla,0,263200,31834.671875
vanilla,0,264000,31503.232421875
vanilla,0,264800,30671.80078125
vanilla,0,265600,29763.2734375
vanilla,0,266400,29865.201171875
vanilla,0,267200,28606.55078125
vanilla,0,268000,28818.6875
vanilla,0,268800,28403.40234375
vanilla,0,269600,29340.2890625
vanilla,0,270400,29876.044921875
vanilla,0,271200,31182.236328125
vanilla,0,272000,30689.201171875
vanilla,0,272800,30696.119140625
vanilla,0,273600,29607.05078125
vanilla,0,274400,28376.49609375
vanilla,0,275200,26396.166015625
vanilla,0,276000,25052.265625
vanilla,0,276800,23462.912109375
vanilla,0,277600,22232.75390625
vanilla,0,278400,21507.517578125
vanilla,0,279200,20726.48046875
vanilla,0,280000,20174.265625
vanilla,0,280800,19707.86328125
vanilla,0,281600,20485.240234375
vanilla,0,282400,19980.380859375
vanilla,0,283200,21286.041015625
vanilla,0,284000,24449.3984375
vanilla,0,284800,26971.3125
vanilla,0,285600,29288.880859375
vanilla,0,286400,30491.8359375
vanilla,0,287200,32635.0390625
vanilla,0,288000,34557.61328125
vanilla,0,288800,35376.52734375
vanilla,0,289600,35437.58984375
vanilla,0,290400,36302.33203125
vanilla,0,291200,36563.97265625
vanilla,0,292000,39779.5390625
vanilla,0,292800,40946.00390625
vanilla,0,293600,43089.9921875
vanilla,0,294400,45981.59765625
vanilla,0,295200,47425.19140625
vanilla,0,296000,48683.6796875
vanilla,0,296800,51858.58984375
vanilla,0,297600,53394.98046875
vanilla,0,298400,57012.37890625
vanilla,0,299200,59729.62109375
vanilla,0,300000,62035.296875
